タイトル,アーティスト,url,開始時刻,終了時刻,非表示,memo
神っぽいな,ピノキオピー,https://www.youtube.com/watch?v=cSGGM6yJZjI,0,204,0,
文学少年の憂鬱,ナノウ,https://www.youtube.com/watch?v=pShQ1c8Vimo,0,369,0,
きゅうくらりん,いよわ,https://www.youtube.com/watch?v=b7BM_sVx84A,0,369,0,
Christmas Morgue,ハチ,https://www.youtube.com/watch?v=HW4s-QOhr8Y,0,258,0,
クーネル・エンゲイザー,電‡鯨,https://www.youtube.com/watch?v=fg7dSXF-bg8,0,258,0,
ももいろの鍵,いよわ,https://www.youtube.com/watch?v=Um6F0XX2uww,0,202,0,
水死体にもどらないで,いよわ,https://www.youtube.com/watch?v=hiAoTN9tDz8,0,227,0,
flos,R Sound Design,https://www.youtube.com/watch?v=OZ-oDvyt_k0,0,275,0,
アイデンティティ,Kanaria,https://www.youtube.com/shorts/lrZwZ_HqgvA,0,60,0,
いかないで,想太,https://www.youtube.com/shorts/EQbpY_oX_MI,0,61,0,
ヴァンパイア,DECO*27,https://www.youtube.com/shorts/BCn7JV174pg,0,57,0,
エンヴィーベイビー,Kanaria,https://www.youtube.com/shorts/bBk1Y_qk1Yk,0,58,0,
乙女解剖,DECO*27,https://www.youtube.com/shorts/UIK2T-JdcAQ,0,57,0,
カロン,KuifiQ,https://www.youtube.com/shorts/K8TKpmQpGZE,0,60,0,
KING,Kanaria,https://www.youtube.com/shorts/iSNdbdH_QKI,0,60,0,
グリーンライツセレナーデ,Omoi,https://www.youtube.com/shorts/qOITKBW5RG4,0,54,0,
ケッペキショウ,すこっぷ,https://www.youtube.com/shorts/rWqmGo-NouQ,0,59,0,
交感ノート,YM,https://www.youtube.com/shorts/qx3NVlS76fA,0,55,0,
サボテンと蜃気楼,KNOTS,https://www.youtube.com/shorts/2Na4SpoEgDw,0,59,0,
少女レイ,みきと,https://www.youtube.com/shorts/NHAUKMhWIDc,0,61,0,
砂の惑星,ハチ,https://www.youtube.com/shorts/zIU0cfl-OdU,0,53,0,
1000年生きてる,いよわ,https://www.youtube.com/shorts/9sJfUou6OV4,0,46,0,
それがあなたの幸せとしても,Heavenz,https://www.youtube.com/shorts/rCkTvvyUtug,0,61,0,
ダーリンダンス,かいりきベア,https://www.youtube.com/shorts/MzkGfeifaLU,0,54,0,
チュルリラチュルリラダッダッダ,和田たけあき,https://www.youtube.com/shorts/agBIiUUcovg,0,55,0,
つきうさぎ,OSTER project,https://www.youtube.com/shorts/W0-I69F_YzM,0,61,0,
帝国少女,R Sound Design,https://www.youtube.com/shorts/UPC0NGOBSg0,0,50,0,
ド屑,なきそ,https://www.youtube.com/shorts/T9krwATcCdo,0,55,0,
夏に去りし君を想フ,baker,https://www.youtube.com/shorts/glZsvfe70KA,0,41,0,
ニビョウカン,MARUDARUMA,https://www.youtube.com/shorts/HfjUpTj8KT8,0,61,0,
脱げばいいってモンじゃない！,デッドボールP,https://www.youtube.com/shorts/wSv1rQ21hKI,0,61,0,
ネトゲ廃人シュプレヒコール,TENKOMORI,https://www.youtube.com/shorts/uTmUGXUuoD0,0,59,0,
No logic,ジミーサムP,https://www.youtube.com/shorts/zBnMZXXZlMs,0,52,0,
ハロ/ハワユ,ナノウ,https://www.youtube.com/shorts/IcqkrGLqkLQ,0,61,0,
ビターチョコデコレーション,syudou,https://www.youtube.com/shorts/TSsXBUb8_as,0,61,0,
フラジール,ぬゆり,https://www.youtube.com/shorts/WAan6WjMKH0,0,61,0,
ベノム,かいりきベア,https://www.youtube.com/shorts/LTMy6fktfkY,0,61,0,
ボッカデラベリタ,柊キライ,https://www.youtube.com/shorts/kIr9VQggk58,0,49,0,
マーシャルマキシマイザー,柊マグネタイト,https://www.youtube.com/shorts/tYPwCeb-9bE,0,57,0,
ミルククラウンオンソーチネカ,ユジー,https://www.youtube.com/shorts/1OeyDpK8jQ8,0,50,0,
むかしむかしのきょうのぼく,DECO*27，Acoustic. ver にゃこin 二丁目,https://www.youtube.com/shorts/ZgM7-yrjsfY,0,59,0,
メルティランドナイトメア,はるまきごはん,https://www.youtube.com/shorts/bpMlO-Zi9xE,0,60,0,
妄想疾患■ガール,もじゃ(大柴広己)編曲 れるりり,https://www.youtube.com/shorts/BR-__BgGK4E,0,35,0,
闇色アリス,samfree,https://www.youtube.com/shorts/Xi9ADUS_BPo,0,42,0,
幽霊東京,ayase,https://www.youtube.com/shorts/E6wvQ7IVsL0,0,59,0,
ラストリゾート,ayase,https://www.youtube.com/shorts/EfS_ZztC3P0,0,54,0,
リンネ,ハチ,https://www.youtube.com/shorts/z4SaM8j_wrQ,0,53,0,
ルーゲルダ,KulfiQ,https://www.youtube.com/shorts/zELl0JO78q8,0,53,0,
レゾンデートル頂戴,YM,https://www.youtube.com/shorts/taUqjWedWVk,0,50,0,
炉心融解,iroha,https://www.youtube.com/shorts/_wSHrhgSzrU,0,56,0,
ワンダーランドと羊の歌,ハチ,https://www.youtube.com/shorts/tnJOQ6ndd_Q,0,57,0,
ヲズワルド,煮ル果実,https://www.youtube.com/shorts/s2Xpis4Fo38,0,49,0,
んっあっあっ,SLAVE.V-V-R,https://www.youtube.com/shorts/w2bfBuOInAk,0,45,0,
Christmas Morgue,ハチ,https://www.youtube.com/shorts/l6gcolfEi34,0,58,0,
Nyanyanyanyanyanyanya!,daniwell,https://www.youtube.com/shorts/6r82UVE7Wro,0,61,0,
クーネル・エンゲイザー,電‡鯨,https://www.youtube.com/shorts/hQaAci8YSX8,0,23,0,
可愛くてごめん,HoneyWorks,https://www.youtube.com/shorts/Tt1r4meDi98,0,27,0,
約束をしよう,supercell,https://www.youtube.com/shorts/hfYDHvL_QvU,0,34,0,
INTERNET YAMERO,Aiobahn,https://www.youtube.com/shorts/yUEkubyFRO4,0,21,0,
おくすり飲んで寝よう,もちうつね,https://www.youtube.com/shorts/OPkxacOqQ1w,0,38,0,
粛聖!! ロリ神レクイエム☆,しぐれうい,https://www.youtube.com/shorts/cFkLIE2ij6U,0,13,0,
ももいろの鍵,いよわ,https://www.youtube.com/shorts/rJPvEF4Mfs4,0,14,0,
人マニア,原口沙輔,https://www.youtube.com/shorts/Qv-G6k0V2IE,0,22,0,
けーたいみしてよ,MAISONdes feat. はしメロ,https://www.youtube.com/shorts/PwSkny1LU0A,0,18,0,
ボルテッカー,DECO*27,https://www.youtube.com/shorts/VG00W2nYaww,0,23,0,
カルチャ,ツミキ,https://www.youtube.com/shorts/Qe2g5CPpVk4,0,13,0,
すきっちゅーの,HoneyWorks,https://www.youtube.com/shorts/GpFGtbsBlNo,0,20,0,
